_id,nombre,email,contrase√±a,direccion,telefono
6819c420ce840648fb8e9556,Allison Hill,donaldgarcia@example.net,(&1WTSnJL8,"1161 Abbott Rapids, Lindsaymouth, ND 16862",(518)349-5931x0341
6819c420ce840648fb8e9557,Jesse Flowers,mitchellclark@example.com,+f01zTucoj,"537 Wilkerson Row, Thomasberg, IA 98148",+1-484-996-9653
6819c420ce840648fb8e9558,Anthony Rodriguez,laurahenderson@example.org,&x6!fcToZ(,"USNV Stanton, FPO AE 67043",248-793-2528
6819c420ce840648fb8e9559,Brian Cox DVM,john39@example.org,R)a@7Cyxuh,"33150 Brianna Avenue Apt. 031, Port Markhaven, IA 37001",+1-873-782-9973x76311
6819c420ce840648fb8e955a,John Daniel,brownjessica@example.org,$3GruKpS$z,"60260 Baker Tunnel Suite 468, Mooreport, IL 08166",001-480-250-0978
6819c420ce840648fb8e955b,Angela Lopez,leonardjoe@example.org,#)aT3Sbt7),"83842 Ibarra Gardens, Justinmouth, MP 71701",001-449-680-8412x411
6819c420ce840648fb8e955c,Daniel Cooper,william40@example.org,6jI7gbJ!_r,"2045 Rachel Fords, Lake Curtis, WI 73886",(392)832-2602x56342
6819c420ce840648fb8e955d,Shannon Walker,ybailey@example.org,$8VjgPcoC0,"5698 Paul Ports Apt. 406, New Saraside, TX 94798",001-735-861-5951x4846
6819c420ce840648fb8e955e,Kristen Lee,lbyrd@example.net,n4MkrBKb)k,"34332 Brandon Mountains Apt. 769, Lake Heather, NM 52884",220.516.3287
6819c420ce840648fb8e955f,Barbara Anderson,jcontreras@example.net,sJt7TpLx^8,"45581 Edward Lights Apt. 316, Riveramouth, MT 08662",766.690.9670
6819c420ce840648fb8e9560,Sarah Ashley,vmedina@example.net,)hGblfPuy3,"2046 Lewis Islands, Kathleenfurt, KY 99068",(241)470-8053x10033
6819c420ce840648fb8e9561,John Wilson,stevenscott@example.com,f#09TuUtFx,"058 Stanley Cliff, Alexanderchester, GU 64752",965-972-6284
6819c420ce840648fb8e9562,Nicholas Adams,mariahmiller@example.com,7tOSOE78$r,"8377 Mcguire Course Suite 363, Elizabethstad, NJ 73045",356.485.5744x43135
6819c420ce840648fb8e9563,Parker Hill,tina34@example.org,e)^%2JZa*!,"Unit 4711 Box 6719, DPO AP 90475",8225941318
6819c420ce840648fb8e9564,Jamie Kerr,michelle64@example.net,)iY0T5SxId,"713 French Road Apt. 618, Lake Edward, KY 19144",902-649-9471
6819c420ce840648fb8e9565,Terri Mason,mkim@example.org,@45pT@ii&i,"717 Ortiz Islands Apt. 256, Robertsfurt, GU 72603",2719545168
6819c420ce840648fb8e9566,Cody Cox,wgarrett@example.org,u$4RyX5eSS,"467 Sanchez Plaza Apt. 639, Port Chad, WI 54888",784-804-4997x27875
6819c420ce840648fb8e9567,Frank Lopez,ashleyhall@example.com,X5GbmyOp!V,"217 Morgan Square Suite 158, Finleyfort, VI 71413",3919343161
6819c420ce840648fb8e9568,Elijah Johnson,laura45@example.com,&c10HGcq25,"9464 Bruce Flat Suite 713, Armstrongshire, LA 92156",506-540-9097x4395
6819c420ce840648fb8e9569,Megan Le,courtneyberger@example.net,#E4tZI2o!F,"Unit 4517 Box 1236, DPO AP 48443",860-748-1754
6819c420ce840648fb8e956a,David Johnson,rose31@example.net,($Uz(5nG*4,"9640 Robinson Mills, Port Michael, TX 48648",+1-550-264-3171
6819c420ce840648fb8e956b,Gavin Zhang,caseyhubbard@example.org,)k3HykRl(q,"40268 Julie Mountains, Stricklandhaven, OR 14794",883.390.8470x076
6819c420ce840648fb8e956c,Theodore Jones Jr.,cameronhill@example.net,GW9)J8WkqS,"1565 Brooks Drives Suite 111, South Colinstad, AS 17555",+1-809-288-5165
6819c420ce840648fb8e956d,Lindsay Bell,ericolson@example.org,^U8oLdXZ@u,"96120 Julie Forge, Barnesmouth, GA 49004",859-991-0229x0147
6819c420ce840648fb8e956e,Jennifer Lewis,reeddaniel@example.net,_$9W!APq6C,"851 Hensley Canyon, Smithland, VI 41534",001-769-466-4160
6819c420ce840648fb8e956f,Lisa Collier,christopher13@example.com,H)6QcP(PtD,"127 Webster Trace, Maldonadoshire, SD 83770",+1-755-327-1774x490
6819c420ce840648fb8e9570,Jesse Brown,chase19@example.net,T6OLlsBN(%,"8892 Watson Haven Suite 659, Port Crystalmouth, CA 43714",486-744-9251
6819c420ce840648fb8e9571,Matthew Bates,brookehurley@example.com,C)(6Uz&bP@,"USCGC Lee, FPO AE 20809",441-888-8059
6819c420ce840648fb8e9572,Christopher Schwartz,jenniferwilliams@example.com,9hLR3lOt_w,"92407 Spencer Cove, West Christopherburgh, KY 59394",826.313.7506x06853
6819c420ce840648fb8e9573,Alfred Galvan,lacey20@example.com,*2tYw+vXJj,"17980 Jennifer Highway Suite 095, New Robert, TN 88085",285-818-8888
6819c420ce840648fb8e9574,Amanda Hughes,jon05@example.org,^3XC$SmvjM,"05486 King Terrace, West Michael, WI 06766",+1-754-615-6676x5277
6819c420ce840648fb8e9575,Monica Miller,amymorris@example.org,^4dE$Joz8y,"29702 Joel Rue, Michaelshire, AZ 79811",(775)857-1928
6819c420ce840648fb8e9576,Donald Horne,fitzgeraldvictor@example.com,71z9tI)y(s,"25831 Laura Freeway Suite 058, Tannerside, DC 80710",314-467-8669
6819c420ce840648fb8e9577,Maria Cole,david89@example.org,nQ6Qb4wQ#^,"299 George Road, Meganshire, AZ 04219",909-643-9690
6819c420ce840648fb8e9578,Elizabeth Sanchez,eevans@example.net,N2WOfnpy!F,"3210 Dougherty Way Suite 325, Jamesburgh, NM 67967",774.270.1687x339
6819c420ce840648fb8e9579,Johnny Khan,amitchell@example.org,FI2$TExGL&,"523 Porter Cape Apt. 257, Hernandezhaven, DC 43488",+1-652-969-4958x887
6819c420ce840648fb8e957a,Isabella Nunez,ysilva@example.net,+a0T4$pQfj,"07562 Vaughn Loop, Salaston, VT 18599",638.957.8652x78585
6819c420ce840648fb8e957b,David Grant,shellyhendrix@example.com,+N3vWwUSsH,"7473 Maria Groves, Derrickshire, IA 32280",3834301657
6819c420ce840648fb8e957c,Joshua Hickman,edelgado@example.com,_Z3&URYjt0,"04991 Mitchell Row Suite 287, Jamesville, MA 21799",001-774-320-5493x2966
6819c420ce840648fb8e957d,Brandon Holden,pmorris@example.org,h6AfHao%%A,"9332 Hernandez Summit Suite 687, Port John, WV 78595",587-485-1910
6819c420ce840648fb8e957e,Scott Ramos,jenniferburns@example.net,*0%MlOemhU,"70462 Katie Stream, Brooksfurt, NV 49980",(218)625-1286x8230
6819c420ce840648fb8e957f,Nathan Coleman,pmorrow@example.com,^f(IJirg32,"3830 William Highway Apt. 959, Joelberg, TN 68822",964.240.8926
6819c420ce840648fb8e9580,Teresa Powers,heather62@example.com,N&A2YrTxT),"PSC 5183, Box 0469, APO AP 05684",239-583-7354
6819c420ce840648fb8e9581,Tonya Wilson,srocha@example.net,SjG+E3Mh*y,"204 Phillips Flat, Jerryshire, MP 32709",485.247.7725x2287
6819c420ce840648fb8e9582,Sara Jones,duranrobert@example.net,$PFXWXeO1S,"18233 Ochoa Grove, Millerfurt, NH 74556",934.210.1666
6819c420ce840648fb8e9583,Michele Miller,vnewman@example.net,@qrB$husT8,"42939 Rhodes Plains Suite 621, Brianchester, IN 10464",899-496-5047x73586
6819c420ce840648fb8e9584,Mary Miller,lauren11@example.com,Y6B*!AWz#1,"199 Shields Bridge Suite 661, New Adriana, TX 50404",(824)644-7212
6819c420ce840648fb8e9585,John Jones,sheryl79@example.net,Aw7XDeCmp$,"USNS Mendoza, FPO AE 52699",447-293-5646x51939
6819c420ce840648fb8e9586,Julia Erickson,ssalinas@example.org,76+JFEuV&u,"35290 Rasmussen Isle, Rodriguezville, KS 29599",288.999.3756x79825
6819c420ce840648fb8e9587,Jason Nixon,guerrajessica@example.com,35OzdBAl%o,"8673 Soto Ferry, Fosterborough, NV 78122",(960)333-4191x82553
6819c420ce840648fb8e9588,Scott Rose,candice96@example.net,XmLAX&o(@5,"2782 Tracy Dam Apt. 579, Port Michaeltown, NM 18396",968.487.6767
6819c420ce840648fb8e9589,Andre Juarez,antonio38@example.com,jOP77SSx#i,"0745 Scott Crest, East Lisa, OR 90827",(696)429-2330x958
6819c420ce840648fb8e958a,Michael Roberts,stephanie81@example.org,)06eniIu&7,"7590 Jessica Mount Suite 186, South Mallory, NM 35698",345-489-2975x00170
6819c420ce840648fb8e958b,Aaron Rubio,wendyblankenship@example.net,%2FI0HAc5a,"700 Montoya Wall, Bensonfort, CA 30509",(211)415-5426x2218
6819c420ce840648fb8e958c,Nathan Fuller,samanthajensen@example.com,$VGDe_8&S1,"640 Troy Creek, South Danielle, CA 69744",4559269658
6819c420ce840648fb8e958d,Patricia Smith,smithjason@example.org,ei8HZJu&&u,"6303 Sandy Crescent, Salazarton, ME 87805",001-721-402-0275x8842
6819c420ce840648fb8e958e,Shelley Quinn,wiseanthony@example.com,ei^CEOTF%8,"07562 Sarah Walks, New Lindachester, IN 42680",265.441.9518
6819c420ce840648fb8e958f,Jose Williams,djones@example.com,5FCrg5Fx%j,"USS Hall, FPO AA 83855",001-205-406-4138x367
6819c420ce840648fb8e9590,Anna Morse,xhaynes@example.com,PZHV+1Sdou,"91212 Owens Lodge, New Michaelborough, NV 40911",541.712.4903x521
6819c420ce840648fb8e9591,Anthony Evans,anthonysullivan@example.com,(8_!Hy)mFd,"Unit 3721 Box 5107, DPO AE 22519",001-566-470-6625
6819c420ce840648fb8e9592,Jeremy Hernandez,deborahporter@example.net,GJZk6CSi*0,"2059 Anthony Valleys Suite 078, Katiebury, GA 13625",434.480.3965
6819c420ce840648fb8e9593,Evan Rojas,robin05@example.net,nl2S0g%W@),"0029 Kim Vista, Susanstad, VT 87288",(791)554-5226x7528
6819c420ce840648fb8e9594,Robin Gray,david09@example.com,)0XZ*FCtDB,"154 Jennifer Causeway, Kimchester, GA 54767",665.286.1793x2710
6819c420ce840648fb8e9595,Trevor Jones,pamelamartin@example.org,yse1KWt$(y,"872 Michael Meadow Apt. 497, North Anthony, GA 84149",717-814-6774x1862
6819c420ce840648fb8e9596,Jeremy Baker,rbaker@example.net,b&DYxVSw!2,"0898 David Throughway, Thompsonburgh, IL 25761",(706)316-3294
6819c420ce840648fb8e9597,Justin Arnold,april09@example.net,+TVx6*Dnq(,"46299 Williams Isle, North Julie, PW 35704",(705)644-4713x247
6819c420ce840648fb8e9598,Lisa Davis,alewis@example.net,*+B8_Lrb2n,"7861 John Overpass Suite 279, Maxview, WA 90790",540-560-2933
6819c420ce840648fb8e9599,Jason Smith,wellsdavid@example.org,Xiee8sHL)0,"994 Cohen Orchard Apt. 545, Joseport, ID 20152",230.596.5207x44666
6819c420ce840648fb8e959a,Micheal Parks,qknox@example.com,q(*4Fvi1cC,"4947 Thomas Way Apt. 738, Port Erinhaven, ME 54647",7224356972
6819c420ce840648fb8e959b,Katherine Welch,lawrencebrown@example.com,%iOY&yYH3G,"USNV Sherman, FPO AP 25480",6034354216
6819c420ce840648fb8e959c,Angel Fry,mluna@example.net,^sV1wtH4e6,"4890 Ebony Shoal, North Hannahchester, NV 50341",384-672-3046
6819c420ce840648fb8e959d,Mercedes Barnes,huntchristine@example.com,@jn1EP+gtc,"97218 Jennifer Courts, Dawnmouth, LA 35120",201.420.4556x110
6819c420ce840648fb8e959e,Carolyn Howard,rfriedman@example.net,@5KndNfr0),"PSC 7972, Box 9659, APO AE 90215",001-527-771-6701x4508
6819c420ce840648fb8e959f,Melissa Montgomery,pstanley@example.com,^X!vErO06B,"3177 Miller Parks Suite 517, North Richardton, OH 72472",7197948837
6819c420ce840648fb8e95a0,Ruth Richard,ann99@example.com,(+5DnxWod$,"16373 Rodriguez Mall, Lake Maryshire, DE 59549",498.427.0808x697
6819c420ce840648fb8e95a1,Betty Hughes,william66@example.net,xxLImdhA+3,"288 Page Trace, Annashire, OK 87946",001-268-546-0810x620
6819c420ce840648fb8e95a2,Richard Terrell,dwayne04@example.org,(qgpgLok09,"97359 Kimberly Fields Suite 721, East Jill, DE 49941",2647842294
6819c420ce840648fb8e95a3,Timothy Williams,candice94@example.com,kB48LcIR&),"57399 Susan Springs, Patrickville, MS 34132",+1-240-685-8877
6819c420ce840648fb8e95a4,Cheryl Palmer,jacksonstephanie@example.net,(0Ucn3ncgK,"10248 Bailey Forks, Rickeymouth, SC 53512",(350)661-8091x90158
6819c420ce840648fb8e95a5,Elizabeth Miller,qjames@example.org,*GRSxhct2f,"968 Kevin Summit, Jasonhaven, FL 21597",(939)343-1290
6819c420ce840648fb8e95a6,Austin Garcia,wlynn@example.org,_s3LXDjTEB,"645 Erin Isle, Fordstad, WI 40539",281.229.1428x3411
6819c420ce840648fb8e95a7,Lauren Hammond,rebeccaarnold@example.net,_HUyp)P&(7,"99275 Jeffery Oval, North Joseph, IN 06111",+1-438-856-7700x51844
6819c420ce840648fb8e95a8,Holly Valdez,blacknicholas@example.org,OlW6_L^Z3(,"177 Clark Estates Suite 030, New Brittany, DC 83016",309.520.2428x69904
6819c420ce840648fb8e95a9,Willie Dillon,jeffreyjenkins@example.org,P0TuW^v))2,"908 Christopher Shoals Apt. 980, Boydstad, VI 06194",001-686-937-6599x162
6819c420ce840648fb8e95aa,Susan Miller,ascott@example.net,(!ac0Sqa6+,"Unit 6368 Box 8725, DPO AP 73234",844.795.6213x7213
6819c420ce840648fb8e95ab,Lisa Cohen,martintamara@example.org,@%P^#GytQ2,"843 Kristen Pass, New Gavin, AZ 47652",502.214.6566
6819c420ce840648fb8e95ac,Andrea Davis,jessica89@example.com,xLH!HPTt^4,"Unit 9735 Box 7790, DPO AA 15740",516-633-5658x804
6819c420ce840648fb8e95ad,Michael Nicholson,spencergregory@example.com,1i32gS574^,"790 Melanie Landing, Travisshire, VI 36510",228.746.3920x8678
6819c420ce840648fb8e95ae,Michael Thompson,wolfesteve@example.net,G*E!0VgwD1,"314 Angela Walks, Gonzalezberg, NJ 01777",(667)228-8574
6819c420ce840648fb8e95af,Michael Brown,thomas17@example.net,Tu4@Llx2^a,"69472 Danielle Junction Suite 996, North Fernandobury, MD 42034",+1-444-296-4759x8762
6819c420ce840648fb8e95b0,David King,clarkrandy@example.org,@H7&R+ab@6,"55778 Dunn Dale, New Carla, SC 98662",+1-796-888-4578x3174
6819c420ce840648fb8e95b1,Eric Smith,mauriceharrison@example.org,A+l7YSprK6,"944 Gutierrez Walk, East Derrickville, SC 60183",+1-474-397-3502x080
6819c420ce840648fb8e95b2,Calvin Gonzales,halledward@example.com,kO5N#^hj$H,"PSC 4601, Box 3673, APO AP 04893",471.283.7645
6819c420ce840648fb8e95b3,Krista Martinez,mlittle@example.com,Yh38(D!$j!,"95005 Jacqueline Turnpike Apt. 273, Tinastad, AS 58004",001-930-565-2407x7848
6819c420ce840648fb8e95b4,Kimberly Morris,mhill@example.net,LeS1jQgrX#,"87829 Morris Row Suite 118, North Maryberg, HI 04600",617.231.0967
6819c420ce840648fb8e95b5,Larry Jones,dianahebert@example.org,h0mL%Xrg*^,"288 Reese Trafficway, Emilychester, FM 14145",(928)768-5289
6819c420ce840648fb8e95b6,Krista Shea,robert65@example.net,$S9Rgx!#9@,"48889 Clinton Mount Suite 224, Pamelabury, IN 34087",619-269-3157x2791
6819c420ce840648fb8e95b7,Laura Miller,weeksmatthew@example.com,&o1YY%hBTC,"Unit 9981 Box 3646, DPO AE 17827",917-590-8641x68622
6819c420ce840648fb8e95b8,Matthew Gonzalez DDS,johnadams@example.com,^JCBV@AdX9,"PSC 3352, Box 1103, APO AP 19857",605-914-7705x3833
6819c420ce840648fb8e95b9,Wendy Neal,bennettrebecca@example.net,!4X$F!b8pa,"157 Jacob Parkway Suite 800, New Kevin, NM 52064",001-220-655-5438x4046
6819c420ce840648fb8e95ba,Glenn Long,christopherreyes@example.net,UJ3WN)hU)2,"Unit 2925 Box 1881, DPO AE 42129",(505)366-4742
6819c420ce840648fb8e95bb,Alexander Odom,catherine93@example.net,$cN3VeapO_,"USNS Newton, FPO AE 99824",812.879.7573
6819c420ce840648fb8e95bc,Lisa Holloway,phillip99@example.net,(n$0QHgdQY,"7264 Hannah Divide Suite 718, East Kimberlyside, DC 52021",(357)302-7937x14521
6819c420ce840648fb8e95bd,Madison Miller,gacosta@example.net,$#6qR+_m$A,"PSC 3094, Box 0777, APO AP 01254",+1-273-539-7767x199
6819c420ce840648fb8e95be,Diana Fuller,brandonhernandez@example.net,boEu$I1b^0,"14556 Katherine Ville Apt. 472, Lake Michelemouth, NC 54733",733.690.1981x79469
6819c420ce840648fb8e95bf,Whitney Gomez,christinacrawford@example.net,_Xey!Pz(7l,"34414 Hunter Islands, North Ginamouth, MO 95449",001-290-423-5577
6819c420ce840648fb8e95c0,Mr. Steven Herrera,steven60@example.net,BRXclrvx%9,"145 Joseph Corners, Wileystad, NV 40167",984.221.5031
6819c420ce840648fb8e95c1,Susan Moore,sandra84@example.com,#1#GpQBvoq,"94353 Justin Place Suite 714, East Joshua, AL 82151",+1-481-638-5854
6819c420ce840648fb8e95c2,Carolyn Collins,amber02@example.org,$01WVndm*D,"74773 Douglas Ridges Suite 562, Kristinamouth, NH 64399",7174157724
6819c420ce840648fb8e95c3,Jennifer Klein,nguyendebra@example.com,IX7MGsmV(K,"971 Nguyen Court, Thompsonfurt, CA 78916",296-457-0132
6819c420ce840648fb8e95c4,Jodi Carter,rgonzalez@example.com,%vKyZv!y9),"Unit 0851 Box 4036, DPO AP 77854",(856)766-6832x7238
6819c420ce840648fb8e95c5,Brittany Bright,dennisjones@example.org,y__lp7Vn#L,"097 Jennifer Grove Suite 895, North Ashleystad, DE 76557",312.684.7818x9137
6819c420ce840648fb8e95c6,Stephanie Nichols,harrisonwilliam@example.com,)lN#lhfT%5,"7128 Melissa Harbors, Davidview, KY 34180",6195292752
6819c420ce840648fb8e95c7,Dr. Scott Cooper,coffeycaitlin@example.org,5KZ36DYm*0,"4286 Keith Union Suite 658, North Samanthastad, PR 57096",+1-545-744-1496x739
6819c420ce840648fb8e95c8,Wendy Edwards,chambersmarie@example.org,cQ16#XdVs&,"24471 Livingston Harbor, Schwartzmouth, KS 21730",001-514-806-6504x42717
6819c420ce840648fb8e95c9,Johnathan Thomas,probinson@example.org,*U6KsDbvb4,"6618 Aaron Spurs Suite 198, Mathewport, MO 07735",+1-515-685-1743x2806
6819c420ce840648fb8e95ca,Stephanie Mccoy,tom73@example.org,!3GkZAxmx@,"829 Sandy Camp Apt. 707, East Jacquelineberg, AL 23078",+1-504-317-9291x1179
6819c420ce840648fb8e95cb,Jessica Cain,rnguyen@example.net,(zK%8i0F02,"07100 Sara Squares Suite 672, East Danielle, NC 59538",(532)590-9279x14560
6819c420ce840648fb8e95cc,Joseph Davis,michelle88@example.org,2kcx3Ib$Z*,"10822 Todd Crescent Apt. 379, Robertmouth, IN 14936",431-536-3631x79706
6819c420ce840648fb8e95cd,Jordan Hughes,stephenlee@example.com,#UKeMIi4%3,"97740 Fitzgerald Gateway Apt. 569, New Sophia, PW 75697",8609078068
6819c420ce840648fb8e95ce,Melissa Garcia,jallen@example.org,E5+@b6GeVy,"165 Kenneth Terrace, Helenside, OK 27652",+1-719-750-8501x65790
6819c420ce840648fb8e95cf,Justin Jones,devonrogers@example.net,U73h4X7y@%,"9513 Miller Lock Apt. 411, West Daniel, FL 65555",(738)804-6827
6819c420ce840648fb8e95d0,Matthew Carter,johnsonlaurie@example.net,DZ_5NoKs)k,"25472 Jennifer Heights Apt. 222, North Blake, MD 75805",(774)452-3805
6819c420ce840648fb8e95d1,Joshua Martin,david06@example.com,!g7CeK9ey#,"28140 Williamson Forges Suite 515, New Danielleshire, NC 29617",001-243-701-8718x63759
6819c420ce840648fb8e95d2,Mike Patterson,swatson@example.com,&r4Ol9lxJ^,"96106 Perry Point Suite 923, Port Patrick, OH 64803",2494478730
6819c420ce840648fb8e95d3,Tyler Flowers,qmartinez@example.com,Z2iOxPEw&7,"2902 Murray Square, West Frank, KY 47839",(750)744-8183x21928
6819c420ce840648fb8e95d4,Melinda Turner,cody95@example.org,F2Dt*+Qj!X,"PSC 1207, Box 5452, APO AA 78836",352.840.1322x34232
6819c420ce840648fb8e95d5,Rachel Jones,ctodd@example.org,@%0Z%vhju3,"552 William Cliff Apt. 908, Lake James, LA 23015",001-880-813-8759x27125
6819c420ce840648fb8e95d6,Darren Rodriguez,david18@example.org,T*C5WWjyKS,"PSC 7520, Box 7167, APO AP 86818",+1-811-326-6912x15353
6819c420ce840648fb8e95d7,Jeff Porter,katelyn65@example.com,__9)O5Mpgn,"49911 Sparks Flats Suite 778, Amyside, ND 02817",001-606-416-7567x70028
6819c420ce840648fb8e95d8,Chad Baldwin MD,carrolltracy@example.net,_pSGOpXEy8,"561 Reed Knolls, Bellbury, IA 31253",+1-949-811-4152x0850
6819c420ce840648fb8e95d9,Stephanie Adams,uchapman@example.com,*6dKOmbs)x,"49639 Jennifer Prairie Apt. 954, New Lauriefort, NE 27991",(914)484-6853x664
6819c420ce840648fb8e95da,Lori Black,barbaralewis@example.net,l*tv4UrM5h,"4249 Richard Crescent Apt. 303, Stevenside, NE 55815",+1-203-224-2044x8207
6819c420ce840648fb8e95db,Angela Guzman,lesterrichard@example.com,o_U1(MUjQx,"363 Daniel Forest Suite 764, South Amandaville, MD 72032",(673)842-5754x09003
6819c420ce840648fb8e95dc,Tyler Cox,nicholsjoel@example.com,&0hAM+KimZ,"6124 Michael Rapids Suite 700, Lake Scott, SD 18338",5634459112
6819c420ce840648fb8e95dd,Melissa Sparks,shannon24@example.org,8KF9FnUz@_,"69694 Christopher Land, New David, VT 69423",(577)613-3344x76263
6819c420ce840648fb8e95de,Chelsey White,anthonycherry@example.org,Vl&MHyH3)7,"75990 Jon River Suite 465, New Blake, HI 34617",(887)457-2158
6819c420ce840648fb8e95df,Erik Good,rsavage@example.net,^i6JsBzi+p,"74276 Wanda Park, South Michaelside, NM 60500",512.215.1342x2849
6819c420ce840648fb8e95e0,Laura Butler,sancheztyler@example.org,^)FuJv#Me0,"Unit 9759 Box 2304, DPO AA 07780",001-518-496-1642x3610
6819c420ce840648fb8e95e1,James Holland,davidhenry@example.com,)b4POVtTJ+,"85732 Rose Rue, West Taylorland, PW 63102",322-843-8649x0810
6819c420ce840648fb8e95e2,John Cortez,michael91@example.net,Mk!1XvBfiL,"168 Adam Crescent Apt. 277, Meltonfort, ME 81568",+1-256-541-2203x103
6819c420ce840648fb8e95e3,Mr. David Wilkinson,christophercarrillo@example.org,*6dxMAd2Un,"Unit 7998 Box 4076, DPO AA 67787",001-797-330-8069
6819c420ce840648fb8e95e4,Matthew Small,simpsonsheila@example.com,92*56AfWoa,"341 Anderson Flats, New Travis, WY 55024",243.338.0054x5228
6819c420ce840648fb8e95e5,Brian Perez,tomchaney@example.com,eIW*$wlx!8,"135 Jessica Station, Gillfort, VA 13515",(555)921-3760
6819c420ce840648fb8e95e6,Jonathan Miller,jennifer65@example.net,_JElIILy3E,"USS Morgan, FPO AA 22039",(706)202-9084x66845
6819c420ce840648fb8e95e7,Stephanie Bishop,isabellagriffin@example.org,ad9Zt2A#(f,"520 Pamela Plains Suite 346, Lake Brianstad, KS 82681",551.701.7490x75399
6819c420ce840648fb8e95e8,Michael Briggs,jenniferstone@example.org,25L_JQsJ@3,"9767 Dennis Mall Apt. 282, Dawsonberg, VT 67765",713.677.0285x19611
6819c420ce840648fb8e95e9,Christian Watson,kevin70@example.org,vA819NSb$#,"922 Gill Shores Suite 251, Hughesfurt, MA 71410",3743120948
6819c420ce840648fb8e95ea,Luke Ray,bernardaimee@example.com,(1@k6eDvl0,"6260 Reyes Course, North Amberport, FL 24443",612-846-2095x200
6819c420ce840648fb8e95eb,Charles Orozco,nicholas10@example.org,$hG(SMIN9h,"249 Griffin Vista, Port Tammy, MN 71337",(638)468-7007
6819c420ce840648fb8e95ec,Timothy Olson,mary65@example.net,$gTAQj_T$9,"Unit 7435 Box 5379, DPO AA 02581",001-320-397-0026x876
6819c420ce840648fb8e95ed,Stephanie Cabrera,wchambers@example.com,o)y5FM!gif,"75047 Adrian View, Rodriguezview, OK 66079",628.539.9921x9212
6819c420ce840648fb8e95ee,Monica Hill,braunheather@example.net,4!JbaVBr)),"46875 Philip Isle, New Lindseybury, UT 56051",933-825-4110
6819c420ce840648fb8e95ef,Leslie Sims,mary31@example.com,Q$5WKBk)yt,"49611 Anita Hill Suite 619, Halltown, NH 50822",369.391.5078x593
6819c420ce840648fb8e95f0,Micheal Watkins,rebeccamartinez@example.net,fK5kNBKp%B,"0892 John Viaduct Apt. 653, Lake Rebekah, WY 09466",337-979-5995x94652
6819c420ce840648fb8e95f1,Susan Crawford,fowlerheather@example.com,g)3gH1zp^#,"03342 Nicole Stravenue Apt. 583, East Andrew, MP 34814",502-761-5347
6819c420ce840648fb8e95f2,Mary Pugh,ejohns@example.org,#F2Zyg$X1R,"89731 Gibbs Ridges Apt. 286, Victormouth, HI 42683",001-558-577-7496x903
6819c420ce840648fb8e95f3,David Robinson,koneal@example.org,)&KE^4RcMI,"41514 Kristi Forks Apt. 115, New Jamesborough, TX 43655",844-839-2840x445
6819c420ce840648fb8e95f4,Norma Smith,michelleperez@example.net,3kiPMkBh+d,"0755 Robert Spur, Farmerside, ME 43240",001-809-802-2599
6819c420ce840648fb8e95f5,James Ferguson,thomasmurphy@example.com,C4#cO1^f_5,"56621 Amanda Neck, South Stephanieborough, DC 27459",267-429-9493x8743
6819c420ce840648fb8e95f6,Roger Jacobs,aliciakent@example.com,g97SdebXl*,"916 John Ways, West Nicole, ND 38759",+1-413-676-8151x18567
6819c420ce840648fb8e95f7,Andrew Johnson,vjames@example.com,$e6bBM&aeK,"1862 Emily Branch, Ericstad, HI 28900",001-208-237-0816x470
6819c420ce840648fb8e95f8,Pamela Mcfarland,regina31@example.org,mc%A*kbf&0,"1331 Morris Bridge Suite 506, South Jeffrey, TN 36998",+1-495-601-3649x7189
6819c420ce840648fb8e95f9,Lindsay Jarvis,xgregory@example.net,ucyF%@tL#5,"3639 Brian Landing, Phillipsberg, MS 27290",+1-203-597-5245x0864
6819c420ce840648fb8e95fa,Erin Allen,knoxelizabeth@example.org,Q1TmOw$z_3,"7423 Roger Rest, West Justin, NV 83810",947.815.6627
6819c420ce840648fb8e95fb,Nancy Wolf,ysmith@example.com,@fTrLFW^4M,"6665 Burns Row Apt. 601, Frederickburgh, ID 57687",758-275-0663x370
6819c420ce840648fb8e95fc,Maria Green,jblackburn@example.com,o!9ZSHvs$1,"Unit 6946 Box 1195, DPO AE 35762",001-636-840-2701x1686
6819c420ce840648fb8e95fd,James Padilla,tomshaw@example.org,2*l29Gft(Z,"7100 Walton Avenue, North Jasontown, MS 79535",847.275.9655x55356
6819c420ce840648fb8e95fe,Shelley Drake,bryantholly@example.net,#8d0FTadI1,"915 Crosby Mountains Apt. 649, Lake Douglas, NC 75460",001-980-527-1487x271
6819c420ce840648fb8e95ff,Christopher Raymond,garciavictoria@example.org,8yb5bMuYO#,"686 Jeffrey Crescent Suite 111, Joyborough, WA 15719",001-552-856-9040
6819c420ce840648fb8e9600,Emma Diaz,aprilguzman@example.org,@Bm9Ar_8h6,"9737 Padilla Lane, Port Masonborough, PR 96531",802.776.4208
6819c420ce840648fb8e9601,John Bailey,hmyers@example.net,dS4BWq%gA%,"PSC 3330, Box 5912, APO AA 56483",+1-820-515-7201x85962
6819c420ce840648fb8e9602,David Burns,denisebennett@example.net,_a8aY(&ob1,"267 Evans Crossroad, West Bryanside, HI 53628",001-506-388-8718x981
6819c420ce840648fb8e9603,Kyle White,hmcbride@example.org,#TpGuPES9v,"PSC 4872, Box 9758, APO AA 79953",+1-683-510-3032
6819c420ce840648fb8e9604,Lindsey Robinson,joshua96@example.org,a0LIcm_3(4,"56609 Chris Crossing Apt. 861, Daniellestad, PW 44215",001-642-934-0163x61128
6819c420ce840648fb8e9605,Gregory Armstrong,andrea91@example.org,1l5kYrmV7#,"396 White Knoll Suite 844, Meyerbury, ME 83814",446-251-1131
6819c420ce840648fb8e9606,Dustin Noble,haydenroger@example.net,QzrPIpth+2,"83215 Willie Center Suite 762, Taramouth, PW 89507",281.844.7443
6819c420ce840648fb8e9607,Eric Fitzpatrick,wallspatricia@example.com,M!5DfHAt2R,"76545 Mcclain Plain Suite 177, East Michael, NE 01262",(531)934-0266x502
6819c420ce840648fb8e9608,Victoria Wilson,zpierce@example.net,2rPKoy(*++,"7447 Kathleen Gateway, Lake William, IA 37350",001-514-336-3718x92392
6819c420ce840648fb8e9609,Andrew Mooney,ronaldjensen@example.org,!Y56NNqA78,"53474 Ryan Glen, Coxport, DE 13200",+1-808-325-5598x95343
6819c420ce840648fb8e960a,Bianca Newton,williamstanya@example.net,u^SD3W2o$2,"1768 Gary Harbor, West Brandon, OK 08469",001-836-878-8127x868
6819c420ce840648fb8e960b,Christine Smith,brittanysmith@example.net,*A8Wx0$5#_,"Unit 3810 Box 5955, DPO AE 92967",+1-742-569-4500
6819c420ce840648fb8e960c,Diana Scott,medinatiffany@example.net,qY@64Uilh+,"PSC 1727, Box 2239, APO AA 96115",(340)442-2693
6819c420ce840648fb8e960d,David Stout,hgarcia@example.org,+0niZT6&dY,"27972 Rivera Drives, North Amy, KY 82746",+1-810-401-8418
6819c420ce840648fb8e960e,Danny Perez,phernandez@example.com,$6V(*wEX(w,"262 Weber Heights Suite 147, Sarahland, WY 00786",(825)626-7711
6819c420ce840648fb8e960f,Frank Anderson,fgomez@example.com,Z6vuGSzO*T,"135 James Vista, West Angelaberg, PW 14939",5555247286
6819c420ce840648fb8e9610,Amy Taylor,nicholasjohnson@example.com,b^0qWF^d^m,"0412 Nicole Bypass Apt. 820, Wallmouth, OH 93746",598-843-6241x862
6819c420ce840648fb8e9611,Colleen White,velasqueztaylor@example.com,_6JM*EjC5f,"83034 Tiffany Port Apt. 970, West Christopherport, AL 47247",001-446-283-5652x15681
6819c420ce840648fb8e9612,Janet Willis,robertsedward@example.com,rl@i1WQhau,"63399 Susan Port Suite 102, Amyland, NM 12836",452.942.1495x511
6819c420ce840648fb8e9613,John Scott,isantos@example.org,7HptBFol)c,"380 Melissa Highway, Moorefurt, PR 10066",367.315.7787
6819c420ce840648fb8e9614,Brian Moyer,mtate@example.com,^NdN8KkMZ1,"03064 Reid Corner Apt. 146, West Morganmouth, VI 55514",934.420.1654x23567
6819c420ce840648fb8e9615,Jessica Gaines,jmorrow@example.net,U$bmg1Xvsv,"2791 Jeffery Field, Hortonburgh, PA 49988",653.639.0550
6819c420ce840648fb8e9616,Sharon Lyons,wgutierrez@example.com,(yLFQ0K9a6,"79817 Elizabeth Walk Suite 337, Wilsonfort, DE 46456",566.205.3844x446
6819c420ce840648fb8e9617,Jennifer Smith,krystalrandall@example.net,0U9TGKk$+J,"28196 Hood Estate, Jamesland, AK 57834",2924098196
6819c420ce840648fb8e9618,Miss Paula Lopez,kennethnichols@example.org,a+6YYU*iW*,"1706 Tommy Road, East Gracefurt, FM 41603",+1-972-224-0299x0155
6819c420ce840648fb8e9619,Patrick House,catherineherrera@example.net,(4C42vGl(D,"42346 Brandy Trafficway Suite 237, Andradechester, PA 98422",959-419-6639x551
6819c420ce840648fb8e961a,Tina King,pcarter@example.net,^Bk6^AFd)B,"81649 Alison Cove Suite 919, Flemingchester, MD 42459",330.977.0461
6819c420ce840648fb8e961b,Gabriel Reyes,mitchelldawn@example.net,o!st7Je*lf,"9064 Snyder Row Apt. 591, East Brandontown, DC 14281",663-321-3580x04010
6819c420ce840648fb8e961c,Michael Conner,knelson@example.org,B_V)7Dbe5N,"158 Donna Street Apt. 117, East Alexanderborough, NH 50971",671.953.9885
6819c420ce840648fb8e961d,Sarah Garcia,jefferycox@example.com,)^8cGU*y*(,"4181 Reynolds Drive Suite 868, Brianview, MN 13321",6669343629
